date,tweet_text,hashtags,tweet_url,likes,retweets,categories
16-10-24,"Wow, just came out on secret tape that Crooked Hillary wants to take in as many Syrians as possible. We cannot let this happen - ISIS!",,https://twitter.com/realDonaldTrump/status/790523240351498241,55537,26391,Crooked Hilary
16-10-24,We are winning and the press is refusing to report it. Dont let them fool you- get out and vote! #DrainTheSwamp on November 8th!,Drain The Swamp,https://twitter.com/realDonaldTrump/status/790557856806371328,50282,23228,Drain The Swamp
16-10-24,"Democratic operative caught on camera: Hillary PERSONALLY ordered Donald Duck troll campaign that broke the law
https://t.co/sTreHAfYUH",,https://twitter.com/realDonaldTrump/status/790671814276083712,30582,19942,Crooked Hilary
16-10-24,Major story that the Dems are making up phony polls in order to suppress the the Trump . We are going to WIN!,,https://twitter.com/realDonaldTrump/status/790534428942622721,45879,19392,Fake News
16-10-24,"Clinton Charity Got Up To $56 Million From Nations That Are Anti-Women, Gays #CrookedHillary
https://t.co/eHsuBdi8XM",CrookedHillary,https://twitter.com/realDonaldTrump/status/790343997814403072,25985,17273,Crooked Hilary
16-10-24,"Get out to VOTE on 11/8/2016- and we will #DrainTheSwamp!
RASMUSSEN NATIONAL
Trump 43%
Clinton 41% https://t.co/jIOR7Bq816",Drain The Swamp,https://twitter.com/realDonaldTrump/status/790565076159922177,32379,15260,Drain The Swamp
16-10-24,Why has nobody asked Kaine about the horrible views emanated on WikiLeaks about Catholics? Media in the tank for Clinton but Trump will win!,,https://twitter.com/realDonaldTrump/status/790539740118446080,38121,15040,Fake News
16-10-24,Clinton Ally Aided Campaign of FBI Official۪s Wife https://t.co/U0w99gfyKE,,https://twitter.com/realDonaldTrump/status/790378549395988480,21087,13186,Crooked Hilary
16-10-24,"THANK YOU St. Augustine, Florida! Get out and VOTE! Join the MOVEMENT - and lets #DrainTheSwamp! Off to Tampa now!_ https://t.co/zgwqhy2jBX",Drain The Swamp,https://twitter.com/realDonaldTrump/status/790654003981918208,30498,12136,Drain The Swamp
16-10-24,Hillary Clinton Had Gun Control Supporters Planted In Town Hall Audience https://t.co/1GVq74iW8a,,https://twitter.com/realDonaldTrump/status/790593186787840000,19039,11659,Crooked Hilary
16-10-24,"Thank you Naples, Florida! Get out and VOTE #TrumpPence16 on 11/8.
Lets #MakeAmericaGreatAgain!
Full Naples rally_ https://t.co/5ZbteSJ00K",TrumpPence16;MakeAmericaGreatAgain,https://twitter.com/realDonaldTrump/status/790343447987314692,27546,11196,MAGA
16-10-24,"The Clinton Foundation۪s Most Questionable Foreign Donations
#PayToPlay #DrainTheSwamp
https://t.co/IkeqMRjX5z",PayToPlay;DrainTheSwamp,https://twitter.com/realDonaldTrump/status/790584855150997504,17074,10329,Drain The Swamp
16-10-24,"Honored to receive an endorsement from @SJSOPIO - thank you! Together, we are going to MAKE AMERICA SAFE &amp; GREAT AG_ https://t.co/PSTcOei5t1",,https://twitter.com/realDonaldTrump/status/790621559920615424,23683,10174,MAGA
16-10-24,"Leaving West Palm Beach, Florida now - heading to St. Augustine for a 3pm rally. Will be in Tampa at 7pm - join me:_ https://t.co/eLunEQRxZq",,https://twitter.com/realDonaldTrump/status/790592685144846336,20366,7757,Presidential Elections
16-10-24,"Departing Farmers Round Table in Boynton Beach, Florida. Get out &amp; VOTE- lets #MAGA!
EARLY VOTING BY FL. COUNTY:_ https://t.co/MgJxNbxRga",MAGA,https://twitter.com/realDonaldTrump/status/790582555871326208,16401,6773,MAGA
16-10-24,"Peter Navarro: Trump the Bull vs. Clinton the Bear #DrainTheSwamp
https://t.co/mQRkfMG80j",Drain The Swamp,https://twitter.com/realDonaldTrump/status/790672365466316800,13906,6253,Drain The Swamp
16-10-24,"Join me tomorrow in Sanford or Tallahassee, Florida!

Sanford at 3pm:
https://t.co/PZENw9Kheg

Tallahassee at 6pm:
https://t.co/WKI69e1bqD",,https://twitter.com/realDonaldTrump/status/790662999841333249,14054,5989,Presidential Elections
16-10-24,"Join me LIVE on my Facebook page in St. Augustine, Florida! Lets #DrainTheSwamp &amp; MAKE AMERICA GREAT AGAIN!_ https://t.co/mPzVrcaR9L",Drain The Swamp,https://twitter.com/realDonaldTrump/status/790629257546379264,13998,5450,MAGA
16-10-25,"My contract with the American voter will restore honesty, accountability &amp; CHANGE to Washington! #DrainTheSwamp https://t.co/sbVwctT1Sj",Drain The Swamp,https://twitter.com/realDonaldTrump/status/790712761407926272,41644,21939,Drain The Swamp
16-10-25,Truly honored to receive the first ever presidential endorsement from the Bay of Pigs Veterans Association. #MAGA_ https://t.co/aRdlFkVjAx,MAGA,https://twitter.com/realDonaldTrump/status/790983039056769024,49694,20034,MAGA
16-10-25,"Obamacare is a disaster - as Ive been saying from the beginning. Time to repeal &amp; replace!
#ObamacareFail https://t.co/5CvoMbVceT",ObamacareFail,https://twitter.com/realDonaldTrump/status/790951230906458113,31933,17337,Obamacare
16-10-25,"REPEAL AND REPLACE!!!
#ObamaCareInThreeWords",ObamaCareInThreeWords,https://twitter.com/realDonaldTrump/status/791037075030179840,39429,17077,Obamacare
16-10-25,"Obama Warned Of Rigged Elections In 2008. Time to #DrainTheSwamp
https://t.co/AkczH8l0FJ https://t.co/7mIkwAHTuV",Drain The Swamp,https://twitter.com/realDonaldTrump/status/791022438486343680,26173,15957,Drain The Swamp
16-10-25,Thank you Bobby Bowden for the intro tonight and your support! I hope I can do as well for Florida as you have done! https://t.co/Vx5iltoaXj,,https://twitter.com/realDonaldTrump/status/790726388978515968,38869,15929,Presidential Elections
16-10-25,"Record crowd in Tampa, Florida- thank you! We will WIN FLORIDA, #DrainTheSwamp in Washington D.C. and MAKE AMERICA_ https://t.co/IpSUYnXcp6",Drain The Swamp,https://twitter.com/realDonaldTrump/status/790730455129714688,35424,15550,Drain The Swamp
16-10-25,"Obamacare is a disaster. Rates going through the sky - ready to explode. I will fix it. Hillary cant!
#ObamacareFailed",ObamacareFailed,https://twitter.com/realDonaldTrump/status/791017424426504192,33263,13256,Obamacare
16-10-25,Get out and vote! I am your voice and I will fight for you! We will make America great again! https://t.co/XXvLRlhSaz,,https://twitter.com/realDonaldTrump/status/790927104921767940,28392,13240,MAGA
16-10-25,I have met &amp; spent a lot of time with families @ The Remembrance Project. I will fight for them everyday!_ https://t.co/Ot6vQGqVW0,,https://twitter.com/realDonaldTrump/status/791035128176844800,27973,12680,Presidential Elections
16-10-25,#ObamacareFail https://t.co/Mb0YW1rg6g,ObamacareFail,https://twitter.com/realDonaldTrump/status/790936027871477764,23450,12652,Obamacare
16-10-25,#ObamacareFail https://t.co/90Aixp25Oc,ObamacareFail,https://twitter.com/realDonaldTrump/status/790948782288596992,21271,12112,Obamacare
16-10-25,"Thank you Sanford, Florida. Get out &amp; VOTE #TrumpPence16! #ICYMI- watch this afternoons rally here:_ https://t.co/zVXrScClfd",TrumpPence16;ICYMI,https://twitter.com/realDonaldTrump/status/791043842124439552,25163,10310,Presidential Elections
16-10-25,"Thank you Tallahassee, Florida! A beautiful evening with the MOVEMENT! Get out &amp; VOTE!
#ICYMI- watch here: https://t.co/GDKhwrCa9R",ICYMI,https://twitter.com/realDonaldTrump/status/791059759663288321,26308,9965,Presidential Elections
16-10-25,#Obamacare premiums are about to SKYROCKET --- again. Crooked H will only make it worse. We will repeal &amp; replace! https://t.co/fY1REYV4rK,Obamacare,https://twitter.com/realDonaldTrump/status/790924363348541445,17849,9399,Obamacare
16-10-25,"Get your ballots in Colorado - I will see you soon -- and we will win!
#MakeAmericaGreatAgain https://t.co/oDLvZg7MLk",MakeAmericaGreatAgain,https://twitter.com/realDonaldTrump/status/791030789001605126,22747,9005,MAGA
16-10-25,"As election looms, some bad news for Clinton, Democrats:
https://t.co/7aWWVQPjTo",,https://twitter.com/realDonaldTrump/status/790923701193768960,16214,8468,Crooked Hilary
16-10-25,"Key Obamacare premiums to jump 25% next year:
https://t.co/TCdHEdPQDG",,https://twitter.com/realDonaldTrump/status/790925669937123328,14536,8272,Obamacare
16-10-25,"Obamacare is a disaster! Time to repeal &amp; replace! #ObamacareFail
https://t.co/xDPhVczf1g",ObamacareFail,https://twitter.com/realDonaldTrump/status/790936603590033408,17385,7974,Obamacare
16-10-25,#ObamacareFail https://t.co/5Zvsys8j5w,ObamacareFail,https://twitter.com/realDonaldTrump/status/790936360953716736,14766,7155,Obamacare
16-10-26,Hillary said she was under sniper fire (while surrounded by USSS.) Turned out to be a total lie. She is not fit to_ https://t.co/hBIrGj21l6,,https://twitter.com/realDonaldTrump/status/791398814049456128,70088,37423,Fake News
16-10-26,REPEAL AND REPLACE OBAMACARE!,,https://twitter.com/realDonaldTrump/status/791233632593739776,55421,20265,Obamacare
16-10-26,"JOIN ME IN OHIO TOMORROW!
Springfield-1pm:
https://t.co/YcbpSigtva

Toledo-4pm:
https://t.co/BOJH0l1CZz

Geneva-7pm_ https://t.co/7qbIRel33u",,https://twitter.com/realDonaldTrump/status/791351142760321024,18306,8360,Presidential Elections
16-10-27,A lot of call-ins about vote flipping at the voting booths in Texas. People are not happy. BIG lines. What is going on?,,https://twitter.com/realDonaldTrump/status/791625798792974336,41051,20235,Fake News
16-10-27,Crooked Hillary launched her political career by letting terrorists off the hook. #DrainTheSwamp_ https://t.co/BLMkZQ8svK,Drain The Swamp,https://twitter.com/realDonaldTrump/status/791770795165057025,27899,16716,Crooked Hilary
16-10-27,"#ICYMI: I agree- To all Americans, I see you &amp; I hear you. I am your voice. Vote to #DrainTheSwamp with me on 11/8._ https://t.co/P2edj2MoXy",ICYMI;DrainTheSwamp,https://twitter.com/realDonaldTrump/status/791738173462310912,31948,15294,Drain The Swamp
16-10-27,"""@KeithRowland: People in Arizona just got a taste of Obamacare with a 116% increase in premiums. @realDonaldTrump"" Repeal and replace!",,https://twitter.com/realDonaldTrump/status/791768269615169538,29679,15017,Obamacare
16-10-27,"Obamacare is a disaster. We must REPEAL &amp; REPLACE. Tired of the lies, and want to #DrainTheSwamp? Get out &amp; VOTE_ https://t.co/jOelj829Pg",Drain The Swamp,https://twitter.com/realDonaldTrump/status/791614912833449984,31037,14971,Obamacare
16-10-27,"I delivered a speech in Charlotte, North Carolina yesterday. I appreciate all of the feedback &amp; support. Lets #MAGA_ https://t.co/aI2HtiRUzr",MAGA,https://twitter.com/realDonaldTrump/status/791762650195632128,30021,13915,MAGA
16-10-27,"Inside Bill Clinton Inc.۪: Hacked memo reveals intersection of charity and personal income. #DrainTheSwamp!
https://t.co/UfDVzeSDfd",Drain The Swamp,https://twitter.com/realDonaldTrump/status/791653174994202624,21878,13380,Drain The Swamp
16-10-27,"WikiLeaks Drip-Drop Releases Prove One Thing: Theres No Nov. 8 Deadline on Clintons Dishonesty and Scandals
https://t.co/MfRy3Nvd4F",,https://twitter.com/realDonaldTrump/status/791642669256769536,23683,12690,Fake News
16-10-27,"I agree, @MMFlint- To all Americans, I see you &amp; I hear you. I am your voice. Vote to #DrainTheSwamp w/ me on 11/8. https://t.co/D7nBwkogBb",Drain The Swamp,https://twitter.com/realDonaldTrump/status/791648893725450240,25112,12117,Drain The Swamp
16-10-27,"Thank you Charlotte, North Carolina. Great afternoon! #ICYMI - I delivered a speech on urban renewal. Full speech:_ https://t.co/ga6DQZrIR0",ICYMI,https://twitter.com/realDonaldTrump/status/791457576030535680,26971,10835,Presidential Elections
16-10-27,"Beautiful evening in Kinston, North Carolina - thank you! Get out and VOTE!! You can watch tonights rally here:_ https://t.co/x7wtERl55d",,https://twitter.com/realDonaldTrump/status/791458860930392065,26100,10016,Presidential Elections
16-10-27,"""Clinton Foundation۪s Fundraisers Pressed Donors to Steer Business to Former President""
https://t.co/PlFILR6JCn",,https://twitter.com/realDonaldTrump/status/791643789609865216,15641,9359,Fake News
16-10-27,"Ron Fournier: ""Clinton Used Secret Server To Protect #CircleOfEnrichment۝
https://t.co/4OGP3tPxyp",CircleOfEnrichment,https://twitter.com/realDonaldTrump/status/791643269109350400,15235,8698,Fake News
16-10-27,"Thank you Springfield, Ohio. Get out and #VoteTrumpPence16!
#ICYMI - watch here: https://t.co/dEoXV6oS3b_ https://t.co/RNgCUUqO4X",VoteTrumpPence16;ICYMI,https://twitter.com/realDonaldTrump/status/791722658358439936,17563,7376,Presidential Elections
16-10-27,"JOIN ME! #MAGA
TODAY:
Springfield, OH
Toledo, OH
Geneva, OH
FRIDAY:
Manchester, NH
Lisbon, ME
Cedar Rapids, IA
https://t.co/kv624y9UOm",MAGA,https://twitter.com/realDonaldTrump/status/791651860889427968,17834,7312,Presidential Elections
16-10-27,I will be interviewed on @oreillyfactor tonight at 8:00 P.M. Enjoy!,,https://twitter.com/realDonaldTrump/status/791767413465419777,18834,5948,"Me, Myself and I"
16-10-27,RT @EricTrump: Tune into @GMA right now to catch a great interview with my father &amp; the entire family! __ #VoteTrumpPence16 https://t.co/Sa_,VoteTrumpPence16,https://twitter.com/realDonaldTrump/status/791614568275570688,17817,5383,Family
16-10-27,"Join me in Cedar Rapids, Iowa tomorrow at 7:00pm! #MAGA
https://t.co/QWaEJpzvKN https://t.co/CniHGkjp0v",MAGA,https://twitter.com/realDonaldTrump/status/791746832686682112,13093,5100,MAGA
16-10-27,"Join me live in Toledo, Ohio. Time to #DrainTheSwamp &amp; #MAGA!
https://t.co/NU39Mmlh1T",DrainTheSwamp;MAGA,https://twitter.com/realDonaldTrump/status/791748254991912960,13107,4497,MAGA
16-10-27,"Join me live in Springfield, Ohio!
https://t.co/LREA7WRmOx",,https://twitter.com/realDonaldTrump/status/791697302519947264,12789,4485,Presidential Elections
16-10-28,We must not let #CrookedHillary take her CRIMINAL SCHEME into the Oval Office. #DrainTheSwamp https://t.co/GtPkj4xIz6,CrookedHillary;DrainTheSwamp,https://twitter.com/realDonaldTrump/status/792083605405171712,55576,26846,Drain The Swamp
16-10-28,"If my people said the things about me that Podesta &amp; Hillarys people said about her, I would fire them out of self respect. ""Bad instincts""",,https://twitter.com/realDonaldTrump/status/792031499075944448,50050,18095,Fake News
16-10-28,"Thank you Geneva, Ohio.
If I am elected President, I am going to keep RADICAL ISLAMIC TERRORISTS OUT of our countr_ https://t.co/a7t5QN2iqW",,https://twitter.com/realDonaldTrump/status/791818552600821761,43776,17058,Presidential Elections
16-10-28,"Just out: Neera Tanden, Hillary Clinton adviser said, Israel is depressing.۝ I think Israel is inspiring!",,https://twitter.com/realDonaldTrump/status/792054354991800320,38595,15573,Crooked Hilary
16-10-28,"""@Jmoschetti1363: @Johnatsrs1949 FBI must be outraged that their hands r tied she has no regard or t secret service, FBI, or (Dallas)police""",,https://twitter.com/realDonaldTrump/status/792024896616407040,20318,8257,World News
16-10-28,Heading to New Hampshire. Will be talking about the disaster known as ObamaCare!,,https://twitter.com/realDonaldTrump/status/792049535195439104,26067,7778,Obamacare
16-10-28,"Join @TeamTrump on Facebook &amp; watch tonights rally from Geneva, Ohio- our 3rd rally of the day. #AmericaFirst #MAGA https://t.co/ZqJmf4QcwH",AmericaFirst;MAGA,https://twitter.com/realDonaldTrump/status/791795308162408448,16762,6386,MAGA
16-10-28,"Join me tonight in Cedar Rapids, Iowa at 7pm: https://t.co/QWaEJpR79n

Phoenix, Arizona tomorrow night at 3pm: https://t.co/0LjE9qbNLh",,https://twitter.com/realDonaldTrump/status/792027901126406144,14474,5670,Presidential Elections
16-10-28,RT @DRUDGE_REPORT: WSJ: The Cold Clinton Reality... https://t.co/udWj5mXcA6,,https://twitter.com/realDonaldTrump/status/792054233721864193,9803,4484,Fake News
16-10-28,RT @DRUDGE_REPORT: WSJ: Grifters-in-Chief... https://t.co/mPFocMuBgu,,https://twitter.com/realDonaldTrump/status/792015309058310145,7752,3553,Fake News
16-10-29,So nice - great Americans outside Trump Tower right now. Thank you! https://t.co/34ATTgICTz,,https://twitter.com/realDonaldTrump/status/792456539151806464,61554,23439,Trump Company
16-10-29,"""@piersmorgan: BOMBSHELL: FBI reopening its investigation into HillaryClintons email server after new discovery!",,https://twitter.com/realDonaldTrump/status/792176856086622208,43506,15607,Crooked Hilary
16-10-29,"Thank you Maine, New Hampshire and Iowa. The waiting is OVER! The time for change is NOW! We are going to_ https://t.co/HVPjw6qeQ2",,https://twitter.com/realDonaldTrump/status/792215485941186560,34366,13170,Presidential Elections
16-10-29,I am in Colorado - big day planned - but nothing can be as big as yesterday!,,https://twitter.com/realDonaldTrump/status/792352376828993538,43759,12738,Presidential Elections
16-10-29,"""@DeplorableCBTP: ""In my mind, #DonaldTrump is the only way out of this mess."" - #PhilRobertson of TVs #DuckDynasty"" Thank you Phil!",DonaldTrump;PhilRobertson;DuckDynasty,https://twitter.com/realDonaldTrump/status/792389892298780672,31475,11846,"Me, Myself and I"
16-10-29,#ObamacareFail https://t.co/iusXk4n9w7,ObamacareFail,https://twitter.com/realDonaldTrump/status/792411187547734016,20785,11372,Government
16-10-29,"Departing Golden, CO. for Arizona now - after an unbelievable rally. Watch here: https://t.co/zNzmWuZPiV
Overflow: https://t.co/93L7JfdmXJ",,https://twitter.com/realDonaldTrump/status/792455164615544832,26682,9810,Other
16-10-29,"Join me in Colorado at 12pm tomorrow - or Arizona at 3pm!

TICKETS:
Golden: https://t.co/Eix7SspO2Z
Phoenix:_ https://t.co/pheYCksxq0",,https://twitter.com/realDonaldTrump/status/792217215114342400,20487,8481,Presidential Elections
16-10-29,Just landed in Iowa - speaking soon!,,https://twitter.com/realDonaldTrump/status/792176315478609920,25906,6356,Presidential Elections
16-10-29,"Tomorrow!

Las Vegas, NV- 11a: https://t.co/KluudKImvn
Greeley, CO- 4p: https://t.co/JYimiIbqKB
Albuquerque, NM- 7p: https://t.co/7SCol4vQlM",,https://twitter.com/realDonaldTrump/status/792409386073202688,14078,6084,Presidential Elections
16-10-30,"Wow, Twitter, Google and Facebook are burying the FBI criminal investigation of Clinton. Very dishonest media!",,https://twitter.com/realDonaldTrump/status/792734426912337920,73817,36320,Fake News
16-10-30,"We are now leading in many polls, and many of these were taken before the criminal investigation announcement on Friday - great in states!",,https://twitter.com/realDonaldTrump/status/792726526127067136,65563,21450,Presidential Elections
16-10-30,"Hillary and the Dems loved and praised FBI Director Comey just a few days ago. Original evidence was overwhelming, should not have delayed!",,https://twitter.com/realDonaldTrump/status/792728791743291392,49856,19734,Crooked Hilary
16-10-30,"THANK YOU Phoenix, Arizona! Time for new POWERFUL leadership. Just imagine what WE can accomplish in our first 100_ https://t.co/gqZLLxcenk",,https://twitter.com/realDonaldTrump/status/792537371291987968,39720,15469,Presidential Elections
16-10-30,"Thank you Greeley, CO! REAL change means restoring honesty to the govt. Our plan will END govt. corruption! Watch:_ https://t.co/qz5AL7zvp4",,https://twitter.com/realDonaldTrump/status/792868471734345728,28143,11761,Presidential Elections
16-10-30,"""@slh: I follow Mr.Trump at all of his rallies by watching them on https://t.co/biseaBESvS. He is a lion-hearted warrior, who inspires hope",,https://twitter.com/realDonaldTrump/status/792869550593146880,28946,11248,"Me, Myself and I"
16-10-30,"Great day in Colorado &amp; Arizona. Will be in Nevada, Colorado and New Mexico tomorrow - join me!
Tickets:_ https://t.co/vMPTsLXsCT",,https://twitter.com/realDonaldTrump/status/792540629548933120,27525,10885,Presidential Elections
16-10-30,"Thank you Las Vegas, Nevada- I love you! Departing for Greeley, Colorado now. Get out &amp; VOTE! #ICYMI- watch here:_ https://t.co/uIloPRtEn9",ICYMI,https://twitter.com/realDonaldTrump/status/792804645542305792,23281,8404,Presidential Elections
16-10-30,"See you tomorrow Michigan!

Grand Rapids, MI tomorrow at noon:
https://t.co/xFPRNEPNZ5

Warren, MI tomorrow at 3pm:_ https://t.co/UHRTgS88B5",,https://twitter.com/realDonaldTrump/status/792787872789045248,20768,7963,Presidential Elections
16-10-31,#ObamacareFail #HillarycareFail https://t.co/gaXOWVI0Xa,ObamacareFail;HillarycareFail,https://twitter.com/realDonaldTrump/status/793167761509851137,28167,16294,Obamacare
16-10-31,"Hillarys Two Official Favors To Morocco Resulted In $28 Million For Clinton Foundation #DrainTheSwamp
https://t.co/6qOO7FZSvF",Drain The Swamp,https://twitter.com/realDonaldTrump/status/793120426541056000,23506,14733,Drain The Swamp
16-10-31,"Legendary basketball coach Bobby Knight who has 900+ wins, many championships and a gold medal will be introducing_ https://t.co/aHltfG7U4I",,https://twitter.com/realDonaldTrump/status/793129964476436480,43606,13359,Other
16-10-31,"Beautiful rally in Albuquerque, New Mexico this evening - thank you. Get out &amp; VOTE! #DrainTheSwamp
Watch rally:_ https://t.co/K2RSgt2Zh5",Drain The Swamp,https://twitter.com/realDonaldTrump/status/792922071437287428,29948,13014,Drain The Swamp
16-10-31,"Thank you Grand Rapids, Michigan! #ICYMI- watch: https://t.co/2mDQCs6coB https://t.co/gN7BYfLD9K",ICYMI,https://twitter.com/realDonaldTrump/status/793165820889358338,23382,9540,Presidential Elections
16-10-31,$25 Million+ raised online in just one week! RECORD WEEK. #DrainTheSwamp Today we set a bigger record. Contribute &gt;https://t.co/CZ1QmzCxwO,Drain The Swamp,https://twitter.com/realDonaldTrump/status/793155579019681792,22576,9299,Drain The Swamp
16-10-31,"Wow! I hear you Warren, Michigan. Streaming live - join us America. It is time to DRAIN THE SWAMP!
Watch: https://t.co/pjXELwc5E1",,https://twitter.com/realDonaldTrump/status/793193310219272198,24784,8648,Drain The Swamp
16-10-31,"Join me tomorrow in Michigan!

Grand Rapids at 12pm:
https://t.co/xFPRNF7pnF

Warren at 3pm:
https://t.co/DREwbH7ZVd https://t.co/iyXwiP0rvd",,https://twitter.com/realDonaldTrump/status/792939101494337540,20409,8059,Presidential Elections
16-11-01,"So terrible that Crooked didnt report she got the debate questions from Donna Brazile, if that were me it would have been front page news!",,https://twitter.com/realDonaldTrump/status/793456094198759424,82389,33512,Crooked Hilary
16-11-01,"Crooked Hillary should not be allowed to run for president. She deleted 33,000 e-mails AFTER getting a subpoena from U.S. Congress. RIGGED!",,https://twitter.com/realDonaldTrump/status/793422633111023616,60850,24295,Crooked Hilary
16-11-01,Look at the way Crooked Hillary is handling the e-mail case and the total mess she is in. She is unfit to be president. Bad judgement!,,https://twitter.com/realDonaldTrump/status/793400131525677056,56759,21906,Crooked Hilary
16-11-01,"Wow, now leading in @ABC /@washingtonpost Poll 46 to 45. Gone up 12 points in two weeks, mostly before the Crooked Hillary blow-up!",,https://twitter.com/realDonaldTrump/status/793421274043285504,40516,16799,Presidential Elections
16-11-01,"WikiLeaks emails reveal Podesta urging Clinton camp to dump emails.
Time to #DrainTheSwamp!
https://t.co/P3ajiACiXK",Drain The Swamp,https://twitter.com/realDonaldTrump/status/793572802729086976,26247,14548,Crooked Hilary
16-11-01,Kept me out of jail: Top DOJ official involved in Clinton probe represented her campaign chairman: https://t.co/QUZn97CEOq,,https://twitter.com/realDonaldTrump/status/793562183573442560,19049,11024,Crooked Hilary
16-11-01,"Mika Brzezinski: Dem Criticism of Comey Reinforcing Idea There۪s Something There
https://t.co/EvBp0xESPN https://t.co/QIDBiDpat8",,https://twitter.com/realDonaldTrump/status/793565506431168512,21889,10770,Other
16-11-01,.@DarrellIssa is a very good man. Help him win his congressional seat in California.,,https://twitter.com/realDonaldTrump/status/793524189240188928,24560,10694,Other
16-11-01,Hillary Advisers Wanted Her To Avoid Supporting Israel When Talking To Democrats: https://t.co/y7m8iVU173,,https://twitter.com/realDonaldTrump/status/793563282854383617,16094,9250,Crooked Hilary
16-11-01,"JOIN ME TOMORROW IN FLORIDA!

MIAMIۢ12pm
https://t.co/A3X71Q6sG2

ORLANDOۢ4pm
https://t.co/6BqTVoty5C

PENSACOLAۢ7p_ https://t.co/kNzrAeuLZO",,https://twitter.com/realDonaldTrump/status/793446442031575040,17915,8857,Presidential Elections
16-11-01,Trump promises special session to repeal Obamacare: https://t.co/wTCd108yrV,,https://twitter.com/realDonaldTrump/status/793562498100178945,18869,8569,Government
16-11-01,Podesta urged Clinton team to hand over emails after use of private server emerged https://t.co/NYvVmoA8wl,,https://twitter.com/realDonaldTrump/status/793569883409657856,17217,8432,Crooked Hilary
16-11-01,"#ICYMI: Governor @mike_pence and I were in Valley Forge, Pennsylvania today. You can watch it here:_ https://t.co/6GWgmCV23Z",ICYMI,https://twitter.com/realDonaldTrump/status/793503948313419776,20877,7729,"Me, Myself and I"
16-11-01,"RT @DanScavino: Join @realDonaldTrump LIVE in Wisconsin with Gov. @ScottWalker, @MayorRGiuliani, @Reince &amp; Coach Bobby Knight! LIVE: https:_",,https://twitter.com/realDonaldTrump/status/793590297800404992,9656,3228,Other
16-11-02,Praying for the families of the two Iowa police who were ambushed this morning. An attack on those who keep us safe is an attack on us all.,,https://twitter.com/realDonaldTrump/status/793824247168765952,88542,30872,World News
16-11-02,"After decades of lies and scandal, Crooked Hillarys corruption is closing in. #DrainTheSwamp! https://t.co/YivCacmkKq",Drain The Swamp,https://twitter.com/realDonaldTrump/status/793892802040041472,48786,26866,Crooked Hilary
16-11-02,"You can change your vote in six states. So, now that you see that Hillary was a big mistake, change your vote to MAKE AMERICA GREAT AGAIN!",,https://twitter.com/realDonaldTrump/status/793763567837253633,59594,26024,MAGA
16-11-02,"Crooked Hillary Clinton deleted 33,000 e-mails AFTER they were subpoenaed by the United States Congress. Guilty - cannot run. Rigged system!",,https://twitter.com/realDonaldTrump/status/793796754193936385,49291,18976,Crooked Hilary
16-11-02,#MakeAmericaGreatAgain #6Days https://t.co/eHTGIEpFsm,MakeAmericaGreatAgain;6Days,https://twitter.com/realDonaldTrump/status/793959470585913345,37770,18260,MAGA
16-11-02,"I am going to repeal and replace ObamaCare. We will have MUCH less expensive and MUCH better healthcare. With Hillary, costs will triple!",,https://twitter.com/realDonaldTrump/status/793769750056677376,51775,17637,Obamacare
16-11-02,"Thank you Orlando, Florida! We are just six days away from delivering justice for every forgotten man, woman and ch_ https://t.co/LPXBQZ5AXt",,https://twitter.com/realDonaldTrump/status/793928267250171904,46166,16798,Presidential Elections
16-11-02,Thank you for your incredible support Wisconsin and Governor @ScottWalker! It is time to #DrainTheSwamp &amp; #MAGA!_ https://t.co/gKBkKmTudn,DrainTheSwamp;MAGA,https://twitter.com/realDonaldTrump/status/793611795156111360,32868,12784,Drain The Swamp
16-11-02,"Thank you Miami! In 6 days, we are going to WIN the GREAT STATE of FLORIDA - and we are going to win back the White_ https://t.co/MKYPOp0MeD",,https://twitter.com/realDonaldTrump/status/793864122987323393,33442,12597,Presidential Elections
16-11-02,"""It pays to have friends in high places- like the Justice Department. Clearly the Clintons do.""
#DrainTheSwamp! https://t.co/KZXB4B156M",Drain The Swamp,https://twitter.com/realDonaldTrump/status/793889694064967680,22162,11361,Drain The Swamp
16-11-02,"Clinton camp fumed when surrogate told supporters Clinton planned to betray labor on TPP post-election:
https://t.co/ZZjbGDZP7e",,https://twitter.com/realDonaldTrump/status/793890059510505472,19453,10159,Crooked Hilary
16-11-02,"Join me in Florida tomorrow!

MIAMIۢ12pm
https://t.co/A3X71Q6sG2

ORLANDOۢ4pm
https://t.co/6BqTVoty5C

PENSACOLAۢ7p_ https://t.co/kEQuuJeO1B",,https://twitter.com/realDonaldTrump/status/793659710054498304,19231,8408,Presidential Elections
16-11-02,"""@Ravenrantz: #Billygrahams grand daughter #SupportsTrump https://t.co/sKz1SPHzDZ"" So nice, thank you Cissy Graham Lynch!!!!",Billygraham;SupportsTrump,https://twitter.com/realDonaldTrump/status/793802617428160513,19345,8046,Presidential Elections
16-11-02,"""@PYNance: Evangelical women live at #trumptower @pdpryor1 @CissieGLynch @SaysGabrielle https://t.co/k5kGXPR2WA""",trumptower,https://twitter.com/realDonaldTrump/status/793804514583252992,20029,7497,Other
16-11-03,Looking at Air Force One @ MIA. Why is he campaigning instead of creating jobs &amp; fixing Obamacare? Get back to work for the American people!,,https://twitter.com/realDonaldTrump/status/794197242471124992,73411,28438,Other
16-11-03,#CrookedHillary is unfit to serve. https://t.co/bSuGvInNF1,CrookedHillary,https://twitter.com/realDonaldTrump/status/794281898570825728,36860,20338,Crooked Hilary
16-11-03,"Watching my beautiful wife, Melania, speak about our love of country and family. We will make you all very proud._ https://t.co/DiKmSnTlC2",,https://twitter.com/realDonaldTrump/status/794259252613414915,56014,16977,"Me, Myself and I"
16-11-03,"RT @PaulaReidCBS: .@CBSNews confirms FBI found emails on #AnthonyWeiner computer, related to Hillary Clinton server, that are ""new"" &amp; not p_",AnthonyWeiner,https://twitter.com/realDonaldTrump/status/794320826237644805,27034,16584,Crooked Hilary
16-11-03,"ObamaCare is a total disaster. Hillary Clinton wants to save it by making it even more expensive. Doesnt work, I will REPEAL AND REPLACE!",,https://twitter.com/realDonaldTrump/status/794155725152980992,46554,15863,Obamacare
16-11-03,"Thank you Concord, North Carolina! When WE win on November 8th, we are going to Washington, D.C. and we are going t_ https://t.co/7j4MBn1Waf",,https://twitter.com/realDonaldTrump/status/794281211963338752,33408,12451,Presidential Elections
16-11-03,"My wife, Melania, will be speaking in Pennsylvania this afternoon. So exciting, big crowds! I will be watching from North Carolina.",,https://twitter.com/realDonaldTrump/status/794154017983238145,46851,12265,Drain The Swamp
16-11-03,"Thank you Arlene! We will MAKE AMERICA SAFE AND GREAT AGAIN!
#ImWithYou #DrainTheSwamp
https://t.co/tSI0YP2LL9",ImWithYou;DrainTheSwamp,https://twitter.com/realDonaldTrump/status/794025263604625409,29349,11186,Drain The Swamp
16-11-03,RT @T_Lineberger: Thanks @IvankaTrump for coming to help win Michigan! More people here than a Hillary rally with less than 24 hours notice_,,https://twitter.com/realDonaldTrump/status/794022452233781248,23271,9758,Family
16-11-03,"Join me in Wilmington, Ohio tomorrow at 4:00pm! It is time to #DrainTheSwamp! Tickets: https://t.co/eCLECM3nmW https://t.co/sb5irRxjxJ",Drain The Swamp,https://twitter.com/realDonaldTrump/status/794290058685661184,18643,6490,Drain The Swamp
16-11-04,"If Obama worked as hard on straightening out our country as he has trying to protect and elect Hillary, we would all be much better off!",,https://twitter.com/realDonaldTrump/status/794617042888491008,103402,42470,Presidential Elections
16-11-04,The only thing that can stop this corrupt machine is YOU. The only force strong enough to save our country is US._ https://t.co/7dcSHOkuzc,,https://twitter.com/realDonaldTrump/status/794683513853382656,65717,34496,Presidential Elections
16-11-04,"ICE OFFICERS WARN HILLARY IMMIGRATION PLAN WILL UNLEASH GANGS, CARTELS &amp; DRUG VIOLENCE NATIONWIDE_ https://t.co/09aSrBwQrv",,https://twitter.com/realDonaldTrump/status/794614251709169664,26624,17622,Presidential Elections
16-11-04,RT @TeamTrump: Mrs. Sauciers son is in prison for having classified info on an unsecured device. @HillaryClinton did FAR WORSE &amp; is runnin_,,https://twitter.com/realDonaldTrump/status/794576519955939328,19789,12373,Other
16-11-04,"There is no challenge too great, no dream outside of our reach! Thank you Selma, North Carolina!
#ICYMI, watch here_ https://t.co/8uIrhgYRsl",ICYMI,https://twitter.com/realDonaldTrump/status/794367345359732740,32042,12009,Presidential Elections
16-11-04,Thank you Ohio! VOTE so we can replace Obamacare and save healthcare for every family in the United States! Watch:_ https://t.co/7CH8ZnGdOa,,https://twitter.com/realDonaldTrump/status/794679364289986560,25502,9679,Presidential Elections
16-11-04,"Clinton Aides: Definitely۪ Not Releasing Some HRC Emails:
https://t.co/GY5pGKaDoW",,https://twitter.com/realDonaldTrump/status/794577092453212160,15983,8135,Crooked Hilary
16-11-04,"""The Clinton Campaign at Obama Justice"" #DrainTheSwamp
https://t.co/LZkvFc071z",Drain The Swamp,https://twitter.com/realDonaldTrump/status/794574267878928384,15014,7606,Drain The Swamp
16-11-04,"Thank you NH! We will end illegal immigration, stop the drugs, deport all criminal aliens&amp;save American lives! Watc_ https://t.co/uxcazVkb32",,https://twitter.com/realDonaldTrump/status/794611850499489793,20833,7543,MAGA
16-11-04,"Join me live in Hershey, Pennsylvania!
#MakeAmericaGreatAgain
LIVE: https://t.co/xEj6sZpb12 https://t.co/JWfGI1vlwW",MakeAmericaGreatAgain,https://twitter.com/realDonaldTrump/status/794688416663437312,19709,6722,Presidential Elections
16-11-04,"Join me in Denver, Colorado tomorrow at 9:30pm!
Tickets: https://t.co/LJYGIK7Mri",,https://twitter.com/realDonaldTrump/status/794690094594740224,16795,5512,Presidential Elections
16-11-04,"Join me today in Wilmington, Ohio at 4pm: https://t.co/eCLECMkYLw

Tomorrow- Tampa, Florida at 10am: https://t.co/N9380pVmuM",,https://twitter.com/realDonaldTrump/status/794562979652128772,12903,4199,Presidential Elections
16-11-04,"Join me live in Wilmington, Ohio!
https://t.co/nQ2p4EulLu",,https://twitter.com/realDonaldTrump/status/794638650382368768,13569,3789,Presidential Elections
16-11-05,MAKE AMERICA GREAT AGAIN!,,https://twitter.com/realDonaldTrump/status/794895332941381633,117004,60973,MAGA
16-11-05,"Must Act Immediately۪: Clinton Charity Lawyer Told Execs They Were Breaking The Law
https://t.co/hsi4qhqTV1",,https://twitter.com/realDonaldTrump/status/795017350688935936,21454,12824,Crooked Hilary
16-11-05,"Thank you Wilmington, North Carolina. We are 3 days away from the CHANGE youve been waiting for your entire life!_ https://t.co/6ZJZRBfLST",,https://twitter.com/realDonaldTrump/status/794996097370427392,32323,11127,Presidential Elections
16-11-05,"#DrainTheSwamp!
https://t.co/z68vGp9Bvf",Drain The Swamp,https://twitter.com/realDonaldTrump/status/795019500345233408,22097,11039,Drain The Swamp
16-11-05,"Thank you Hershey, Pennsylvania. Get out &amp; VOTE on November 8th &amp; we will #MAGA! #RallyForRiley
#ICYMI, watch here_ https://t.co/maWukVBTr8",MAGA;RallyForRiley;ICYMI,https://twitter.com/realDonaldTrump/status/794734211559292928,28422,10391,MAGA
16-11-05,"Thank you for the incredible support this morning Tampa, Florida! #ICYMI- watch here: https://t.co/q43kHf7MoE https://t.co/1GscFNaV4L",ICYMI,https://twitter.com/realDonaldTrump/status/794994280829952000,23345,8289,Presidential Elections
16-11-05,"Top Clinton Aides Bemoan Campaign All Tactics,۪ No Vision: https://t.co/mHYvQtIq78",,https://twitter.com/realDonaldTrump/status/795017781423067136,16586,8239,Crooked Hilary
16-11-05,Watch Coach Mike Ditka- a great guy and supporter tonight at 8pmE on #WattersWorld with @jessebwatters @FoxNews.,WattersWorld,https://twitter.com/realDonaldTrump/status/795014711716757504,21021,6843,Other
16-11-05,"Join me in Denver, Colorado tonight at 9:30pm: https://t.co/LJYGIK7Mri

NEW- Scranton, Pennsylvania Monday @ 5:30pm: https://t.co/BcErCtsPdF",,https://twitter.com/realDonaldTrump/status/794943632176451584,16461,5878,Presidential Elections
16-11-06,"Thank you Reno, Nevada.
NOTHING will stop us in our quest to MAKE AMERICA SAFE AND GREAT AGAIN! #AmericaFirst_ https://t.co/A4eeHoCbGS",AmericaFirst,https://twitter.com/realDonaldTrump/status/795084117192810496,47667,19072,MAGA
16-11-06,"Great night in Denver, Colorado- thank you! Together, we will MAKE AMERICA GREAT AGAIN!
#ICYMI watch rally here:_ https://t.co/LbvNHo6T2k",ICYMI,https://twitter.com/realDonaldTrump/status/795145824586137600,31947,11121,MAGA
16-11-06,"MONDAY - 11/7/2016

Scranton, Pennsylvania at 5:30pm.
https://t.co/BcErCtsPdF

Grand Rapids, Michigan at 11pm._ https://t.co/pgFMLp0173",,https://twitter.com/realDonaldTrump/status/795402627701964800,27031,10300,Presidential Elections
16-11-06,"Thank you Minnesota! It is time to #DrainTheSwamp &amp; #MAGA!
#ICYMI- watch: https://t.co/fVThC7yIL6 https://t.co/e8SaXiJrxj",DrainTheSwamp;MAGA;ICYMI,https://twitter.com/realDonaldTrump/status/795411058357837825,25076,9612,Drain The Swamp
16-11-06,"Thank you Iowa - Get out &amp; #VoteTrumpPence16!
https://t.co/HfihPERFgZ https://t.co/QsukELQmKb",VoteTrumpPence16,https://twitter.com/realDonaldTrump/status/795346759119736832,26451,9296,Presidential Elections
16-11-06,Van Jones: There Is A Crack in the Blue Wall۪ It Has to Do With Trade: https://t.co/BvEF9cC7o7,,https://twitter.com/realDonaldTrump/status/795311315304714242,19294,8618,Other
16-11-06,RT @IvankaTrump: Thank you New Hampshire! __ https://t.co/pdnxXq2jgy,,https://twitter.com/realDonaldTrump/status/795327323016953857,27410,8497,Family
16-11-06,"JOIN ME TOMORROW!
MINNESOTA ۢ 2pm
https://t.co/WcgLh4prS7

MICHIGAN ۢ 6pm
https://t.co/9BqGVKNNrt

VIRGINIA ۢ 9:30p_ https://t.co/A1oVhCrT6t",,https://twitter.com/realDonaldTrump/status/795057936565313536,18251,6966,Presidential Elections
16-11-06,"RT @DanScavino: Join @realDonaldTrump LIVE in Denver, Colorado via his #Facebook page- we are here!!
#MakeAmericaGreatAgain__
https://t.c_",Facebook;MakeAmericaGreatAgain,https://twitter.com/realDonaldTrump/status/795120273070686208,15478,5336,MAGA
16-11-06,"Join me live in Reno, Nevada!
https://t.co/T4bf1hrxaA https://t.co/EPqRXHa1CM",,https://twitter.com/realDonaldTrump/status/795058179168055296,17606,4738,Presidential Elections
16-11-07,Thank you Pennsylvania- I am forever grateful for your amazing support. Lets MAKE AMERICA GREAT AGAIN! #MAGA_ https://t.co/qbcJZAzw6z,MAGA,https://twitter.com/realDonaldTrump/status/795479521520717825,48520,18828,MAGA
16-11-07,"America must decide between failed policies or fresh perspective, a corrupt system or an outsider
https://t.co/ll8QIW9SqW",,https://twitter.com/realDonaldTrump/status/795741975022604293,36663,16108,Government
16-11-07,Thank you Michigan! This is a MOVEMENT that will never be seen again- its our last chance to #DrainTheSwamp! Watch_ https://t.co/cSdGkCFYRL,Drain The Swamp,https://twitter.com/realDonaldTrump/status/795443728282505216,39206,15936,Drain The Swamp
16-11-07,"Our American comeback story begins 11/8/16. Together, we will MAKE AMERICA SAFE &amp; GREAT again for everyone! Watch:_ https://t.co/ek8Cn3CgTr",,https://twitter.com/realDonaldTrump/status/795417907476000768,37080,15291,MAGA
16-11-07,Just landed in North Carolina- heading to the J.S. Dorton Arena. See you all soon! Lets #MakeAmericaGreatAgain! https://t.co/EUo0keWX1Y,MakeAmericaGreatAgain,https://twitter.com/realDonaldTrump/status/795709959245856768,40708,14726,"Me, Myself and I"
16-11-07,"Starting tomorrow its going to be #AmericaFirst! Thank you for a great morning Sarasota, Florida!
Watch here:_ https://t.co/ig62Kjkkvl",AmericaFirst,https://twitter.com/realDonaldTrump/status/795674761309417472,35905,14092,MAGA
16-11-07,Thank you for you support Virginia! In ONE DAY - get out and #VoteTrumpPence16! #ICYMI: https://t.co/Nid8qcFTwY https://t.co/WOsEcjM8sm,VoteTrumpPence16;ICYMI,https://twitter.com/realDonaldTrump/status/795515037632921601,33492,12663,Presidential Elections
16-11-07,Hey Missouri lets defeat Crooked Hillary &amp; @koster4missouri! Koster supports Obamacare &amp; amnesty! Vote outsider Navy SEAL @EricGreitens!,,https://twitter.com/realDonaldTrump/status/795753162623815680,36401,12556,Obamacare
16-11-07,"I love you North Carolina- thank you for your amazing support! Get out and https://t.co/HfihPERFgZ tomorrow!
Watch:_ https://t.co/jZzfqUZNYh",,https://twitter.com/realDonaldTrump/status/795733366842806272,30479,10867,Presidential Elections
16-11-07,LIVE on #Periscope: Join me for a few minutes in Pennsylvania. Get out &amp; VOTE tomorrow. LETS #MAGA!! https://t.co/Ej0LmMK3YU,Periscope;MAGA,https://twitter.com/realDonaldTrump/status/795770006306861057,30569,10133,"Me, Myself and I"
16-11-07,"What I Like About Trump ... and Why You Need to Vote for Him
https://t.co/6rVuDUehZq",,https://twitter.com/realDonaldTrump/status/795741423756840960,23403,9633,"Me, Myself and I"
16-11-07,On my way! https://t.co/6L2ILD6r8h,,https://twitter.com/realDonaldTrump/status/795710386855088129,26062,8448,"Me, Myself and I"
16-11-07,Why Trump https://t.co/RpwIYB7aOV,,https://twitter.com/realDonaldTrump/status/795740720388866048,17547,7240,"Me, Myself and I"
16-11-08,TODAY WE MAKE AMERICA GREAT AGAIN!,,https://twitter.com/realDonaldTrump/status/795954831718498305,571069,352603,MAGA
16-11-08,"Dont let up, keep getting out to vote - this election is FAR FROM OVER! We are doing well but there is much time left. GO FLORIDA!",,https://twitter.com/realDonaldTrump/status/796102830352465921,116282,36745,Presidential Elections
16-11-08,VOTE TODAY! Go to https://t.co/MXrAxYnTjY to find your polling location. We are going to Make America Great Again!_ https://t.co/KPQ5EY9VwQ,,https://twitter.com/realDonaldTrump/status/796029413318082560,67787,29756,Presidential Elections
16-11-08,#ElectionDay https://t.co/MXrAxYnTjY https://t.co/FZhOncih21,ElectionDay,https://twitter.com/realDonaldTrump/status/796055597594578944,59198,25424,Presidential Elections
16-11-08,"Still time to #VoteTrump!
#iVoted #ElectionNight https://t.co/UZtYAY1Ba6",VoteTrump;iVoted;ElectionNight,https://twitter.com/realDonaldTrump/status/796126077647196160,63750,25301,Presidential Elections
16-11-08,I will be watching the election results from Trump Tower in Manhattan with my family and friends. Very exciting!,,https://twitter.com/realDonaldTrump/status/796099494442057728,125086,25185,Presidential Elections
16-11-08,We need your vote. Go to the POLLS! Lets continue this MOVEMENT! Find your poll location: https://t.co/VMUdvi1tx1_ https://t.co/zGOx74Ebhw,,https://twitter.com/realDonaldTrump/status/796050609254395905,61010,24310,Presidential Elections
16-11-08,"Just out according to @CNN: ""Utah officials report voting machine problems across entire country""",,https://twitter.com/realDonaldTrump/status/796102093727793152,46376,21910,Presidential Elections
16-11-08,RT @EricTrump: Join my family in this incredible movement to #MakeAmericaGreatAgain!! Now it is up to you! Please #VOTE for America! https:_,MakeAmericaGreatAgain;VOTE,https://twitter.com/realDonaldTrump/status/796130340180029441,63868,19710,MAGA
16-11-08,Today we are going to win the great state of MICHIGAN and we are going to WIN back the White House! Thank you MI!_ https://t.co/onRpEvzHrW,,https://twitter.com/realDonaldTrump/status/795879172795203584,53730,17517,Presidential Elections
16-11-08,"Today in Florida, I pledged to stand with the people of Cuba and Venezuela in their fight against oppression- cont: https://t.co/8eELqk2wUw",,https://twitter.com/realDonaldTrump/status/795781945607278592,36041,13838,World News
16-11-08,Big news to share in New Hampshire tonight! Polls looking great! See you soon.,,https://twitter.com/realDonaldTrump/status/795782371895349250,43939,13453,Presidential Elections
16-11-08,RT @DonaldJTrumpJr: FINAL PUSH! Eric and I doing dozens of radio interviews. We can win this thing! GET OUT AND VOTE! #MAGA #ElectionDay ht_,MAGA;ElectionDay,https://twitter.com/realDonaldTrump/status/796130213826621440,50811,11287,"Me, Myself and I"
16-11-08,"RT @DonaldJTrumpJr: Thanks New Hampshire!!!
#NH #NewHampshire #MAGA https://t.co/JDgcyJvJpk",NH;NewHampshire;MAGA,https://twitter.com/realDonaldTrump/status/795845594032013312,37954,10591,MAGA
16-11-08,"RT @EricTrump: Sean Hannity: If Hillary wins, you own it https://t.co/kQCwX3ttjK",,https://twitter.com/realDonaldTrump/status/795846520734183424,20150,9176,Crooked Hilary
16-11-08,"Unbelievable evening in New Hampshire - THANK YOU! Flying to Grand Rapids, Michigan now.
Watch NH rally here:_ https://t.co/hP88anrfgk",,https://twitter.com/realDonaldTrump/status/795834203430645760,31321,9085,"Me, Myself and I"
16-11-08,Thank you Pennsylvania! Going to New Hampshire now and on to Michigan. Watch PA rally here: https://t.co/d29DLINGst_ https://t.co/zcH9crFIKM,,https://twitter.com/realDonaldTrump/status/795779987152523264,28712,9047,Presidential Elections
16-11-08,RT @detroitnews: .@IvankaTrump in Michigan: This is your movement۪https://t.co/0Sa7huoOP1 @realDonaldTrump https://t.co/cMXEqSHuDj,,https://twitter.com/realDonaldTrump/status/795845126744604673,20591,6917,Family
16-11-09,Such a beautiful and important evening! The forgotten man and woman will never be forgotten again. We will all come together as never before,,https://twitter.com/realDonaldTrump/status/796315640307060738,627615,225164,"Me, Myself and I"
16-11-09,"Watching the returns at 9:45pm.
#ElectionNight #MAGA__ https://t.co/HfuJeRZbod",ElectionNight;MAGA,https://twitter.com/realDonaldTrump/status/796182637622816768,185160,45492,Presidential Elections
16-11-09,RT @IvankaTrump: Such a surreal moment to vote for my father for President of the United States! Make your voice heard and vote! #Election2_,,https://twitter.com/realDonaldTrump/status/796164216294084608,99809,17169,Presidential Elections
16-11-10,Happy 241st birthday to the U.S. Marine Corps! Thank you for your service!! https://t.co/Lz2dhrXzo4,,https://twitter.com/realDonaldTrump/status/796797436752707585,159176,44655,Army
16-11-11,"Just had a very open and successful presidential election. Now professional protesters, incited by the media, are protesting. Very unfair!",,https://twitter.com/realDonaldTrump/status/796900183955095552,214001,67010,"Me, Myself and I"
16-11-11,Love the fact that the small groups of protesters last night have passion for our great country. We will all come together and be proud!,,https://twitter.com/realDonaldTrump/status/797034721075228672,183729,50039,MAGA
16-11-11,Today we express our deepest gratitude to all those who have served in our armed forces. #ThankAVet https://t.co/wPk7QWpK8Z,ThankAVet,https://twitter.com/realDonaldTrump/status/797098212599496704,127213,41112,Army
16-11-11,"A fantastic day in D.C. Met with President Obama for first time. Really good meeting, great chemistry. Melania liked Mrs. O a lot!",,https://twitter.com/realDonaldTrump/status/796897928048766976,178499,36688,Family
16-11-11,Busy day planned in New York. Will soon be making some very important decisions on the people who will be running our government!,,https://twitter.com/realDonaldTrump/status/797069763801387008,141527,28654,"Me, Myself and I"
16-11-12,"This will prove to be a great time in the lives of ALL Americans. We will unite and we will win, win, win!",,https://twitter.com/realdonaldtrump/status/797455295928791040,191717,50383,MAGA
16-11-13,"Wow, the @nytimes is losing thousands of subscribers because of their very poor and highly inaccurate coverage of the ""Trump phenomena""",,https://twitter.com/realdonaldtrump/status/797805407179866112,120044,32786,"Me, Myself and I"
16-11-13,The @nytimes sent a letter to their subscribers apologizing for their BAD coverage of me. I wonder if it will change - doubt it?,,https://twitter.com/realdonaldtrump/status/797812048805695488,82073,20776,Fake News
16-11-13,Mitt Romney called to congratulate me on the win. Very nice!,,https://twitter.com/realdonaldtrump/status/797812630312382464,105251,14501,"Me, Myself and I"
16-11-13,"Jeb Bush, George W and George H.W. all called to express their best wishes on the win. Very nice!",,https://twitter.com/realdonaldtrump/status/797822192931262470,102220,17038,"Me, Myself and I"
16-11-13,"Governor John Kasich of the GREAT, GREAT, GREAT State of Ohio called to congratulate me on the win. The people of Ohio were incredible!",,https://twitter.com/realdonaldtrump/status/797823553244712960,119012,21443,"Me, Myself and I"
16-11-13,"The @nytimes states today that DJT believes ""more countries should acquire nuclear weapons."" How dishonest are they. I never said this!",,https://twitter.com/realdonaldtrump/status/797832229800050688,88179,27640,Fake News
16-11-13,I will be interviewed on @60Minutes tonight after the NFL game - 7:00 P.M. Enjoy!,,https://twitter.com/realdonaldtrump/status/797839801735114752,74138,15500,"Me, Myself and I"
16-11-13,"The debates, especially the second and third, plus speeches and intensity of the large rallies, plus OUR GREAT SUPPORTERS, gave us the win!",,https://twitter.com/realdonaldtrump/status/797873313561198593,107159,22101,"Me, Myself and I"
16-11-15,If the election were based on total popular vote I would have campaigned in N.Y. Florida and California and won even bigger and more easily,,https://twitter.com/realdonaldtrump/status/798519600413601792,170317,46513,"Me, Myself and I"
16-11-15,"The Electoral College is actually genius in that it brings all states, including the smaller ones, into play. Campaigning is much different!",,https://twitter.com/realdonaldtrump/status/798521053551140864,121251,36723,Government
16-11-15,Very organized process taking place as I decide on Cabinet and many other positions. I am the only one who knows who the finalists are!,,https://twitter.com/realdonaldtrump/status/798721142525665280,113657,26095,"Me, Myself and I"
16-11-16,"I am not trying to get ""top level security clearance"" for my children. This was a typically false news story.",,https://twitter.com/realdonaldtrump/status/798850338384023552,95778,31490,Fake News
16-11-16,"The failing @nytimes story is so totally wrong on transition. It is going so smoothly. Also, I have spoken to many foreign leaders.",,https://twitter.com/realdonaldtrump/status/798861300453539840,73172,19627,Fake News
16-11-16,"I have recieved and taken calls from many foreign leaders despite what the failing @nytimes said. Russia, U.K., China, Saudi Arabia, Japan",,https://twitter.com/realdonaldtrump/status/798862483255652352,83791,24205,"Me, Myself and I"
16-11-16,"Australia, New Zealand, and more. I am always available to them. @nytimes is just upset that they looked like fools in their coverage of me.",,https://twitter.com/realdonaldtrump/status/798864532433211392,85207,22638,"Me, Myself and I"
16-11-17,"My transition team, which is working long hours and doing a fantastic job, will be seeing many great candidates today. #MAGA",MAGA,https://twitter.com/realdonaldtrump/status/799232214793760768,91609,20128,MAGA
16-11-17,"Just got a call from my friend Bill Ford, Chairman of Ford, who advised me that he will be keeping the Lincoln plant in Kentucky - no Mexico",,https://twitter.com/realdonaldtrump/status/799432403727028224,158462,46535,"Me, Myself and I"
16-11-17,I worked hard with Bill Ford to keep the Lincoln plant in Kentucky. I owed it to the great State of Kentucky for their confidence in me!,,https://twitter.com/realdonaldtrump/status/799435824622252032,112313,27758,"Me, Myself and I"
16-11-18,"RT @transition2017: President-elect Trump announces selections for Attorney General, National Security Advisor, CIA Director. More here: ht…",,https://twitter.com/realdonaldtrump/status/799656577250848768,,,Presidential Elections
16-11-18,Will be working all weekend in choosing the great men and women who will be helping to MAKE AMERICA GREAT AGAIN!,,https://twitter.com/realdonaldtrump/status/799742847310319616,115748,25139,MAGA
16-11-19,I settled the Trump University lawsuit for a small fraction of the potential award because as President I have to focus on our country.,,https://twitter.com/realdonaldtrump/status/799969130237542400,86121,15410,"Me, Myself and I"
16-11-19,The ONLY bad thing about winning the Presidency is that I did not have the time to go through a long but winning trial on Trump U. Too bad!,,https://twitter.com/realdonaldtrump/status/799970371705380864,59123,12285,"Me, Myself and I"
16-11-19,"Our wonderful future V.P. Mike Pence was harassed last night at the theater by the cast of Hamilton, cameras blazing.This should not happen!",,https://twitter.com/realdonaldtrump/status/799972624713420804,116356,31963,Other
16-11-19,"The Theater must always be a safe and special place.The cast of Hamilton was very rude last night to a very good man, Mike Pence. Apologize!",,https://twitter.com/realdonaldtrump/status/799974635274194947,141486,41193,Other
16-11-20,"The cast and producers of Hamilton, which I hear is highly overrated, should immediately apologize to Mike Pence for their terrible behavior",,https://twitter.com/realdonaldtrump/status/800298286204723200,99049,24011,Other
16-11-20,Numerous patriots will be coming to Bedminster today as I continue to fill out the various positions necessary to MAKE AMERICA GREAT AGAIN!,,https://twitter.com/realdonaldtrump/status/800303776615854080,64782,13282,MAGA
16-11-20,"I watched parts of @nbcsnl Saturday Night Live last night. It is a totally one-sided, biased show - nothing funny at all. Equal time for us?",,https://twitter.com/realdonaldtrump/status/800329364986626048,65389,15122,"Me, Myself and I"
16-11-20,"General James ""Mad Dog"" Mattis, who is being considered for Secretary of Defense, was very impressive yesterday. A true General's General!",,https://twitter.com/realdonaldtrump/status/800332639844659201,78240,20538,Government
16-11-20,I have always had a good relationship with Chuck Schumer. He is far smarter than Harry R and has the ability to get things done. Good news!,,https://twitter.com/realdonaldtrump/status/800339165829283840,52932,11004,Government
16-11-21,@transition2017 update and policy plans for the first 100 days. https://t.co/HTgPXfPWeJ,,https://twitter.com/realdonaldtrump/status/800850810490023937,96867,39500,Government
16-11-21,Prior to the election it was well known that I have interests in properties all over the world.Only the crooked media makes this a big deal!,,https://twitter.com/realdonaldtrump/status/800885097775955974,75323,17951,"Me, Myself and I"
16-11-21,Many people would like to see @Nigel_Farage represent Great Britain as their Ambassador to the United States. He would do a great job!,,https://twitter.com/realdonaldtrump/status/800887087780294656,61875,20666,Government
16-11-22,I cancelled today's meeting with the failing @nytimes when the terms and conditions of the meeting were changed at the last moment. Not nice,,https://twitter.com/realdonaldtrump/status/801021596228091905,64678,16360,Fake News
16-11-22,Perhaps a new meeting will be set up with the @nytimes. In the meantime they continue to cover me inaccurately and with a nasty tone!,,https://twitter.com/realdonaldtrump/status/801025256487940096,36668,8920,Fake News
16-11-22,The failing @nytimes just announced that complaints about them are at a 15 year high. I can fully understand that - but why announce?,,https://twitter.com/realdonaldtrump/status/801026635579424768,46843,11232,Fake News
16-11-22,Great meetings will take place today at Trump Tower concerning the formation of the people who will run our government for the next 8 years.,,https://twitter.com/realdonaldtrump/status/801029194906038272,76624,16130,Government
16-11-22,President-elect Donald J. Trump's CIA Director Garners Praise' https://t.co/UFdLWtwBEQhttps://t.co/MrPaG7OziQ,,https://twitter.com/realdonaldtrump/status/801057215226544128,29467,8206,"Me, Myself and I"
16-11-22,"Jeff Sessions, a Fitting Selection for Attorney General' https://t.co/LjKTkAZSFy",,https://twitter.com/realdonaldtrump/status/801057586162319360,35816,9991,Government
16-11-22,The meeting with the @nytimes is back on at 12:30 today. Look forward to it!,,https://twitter.com/realdonaldtrump/status/801087976889520128,31976,6806,"Me, Myself and I"
16-11-22,I am seriously considering Dr. Ben Carson as the head of HUD. I've gotten to know him well--he's a greatly talented person who loves people!,,https://twitter.com/realdonaldtrump/status/801110690387857408,133939,25728,Government
16-11-22,Bus crash in Tennessee so sad & so terrible. Condolences to all family members and loved ones. These beautiful children will be remembered!,,https://twitter.com/realdonaldtrump/status/801219908910469120,126710,26341,World News
16-11-23,"Let us give thanks for all that we have, and let us boldly face the exciting new frontiers that lie ahead. Happy Th… https://t.co/RY9mGGjrXm",,https://twitter.com/realdonaldtrump/status/801610648010575872,160080,46103,Other
16-11-23,"Happy Thanksgiving to everyone. We will, together, MAKE AMERICA GREAT AGAIN",,https://twitter.com/realdonaldtrump/status/801629061831331840,177519,45950,MAGA
16-11-24,"I am working hard, even on Thanksgiving, trying to get Carrier A.C. Company to stay in the U.S. (Indiana). MAKING PROGRESS - Will know soon!",,https://twitter.com/realdonaldtrump/status/801805564577808385,132190,29130,"Me, Myself and I"
